,Amoxicillin (AMO),Ticarcillin (TIC),Temocillin (TEM),Piperacillin (PIP),Cefalothin (CFT),Cefotaxime (CFX),Ceftazidime (CFZ),Cefepime (CFP),Cefoxitin (CFN),Cephaloridin (CFD),Aztreonam (AZT),Imipenem (IMI),Meropenem (MER),Ertapenem (ERT),Nitrocefin (NIT),CLASS,id,ID
0,72.0,7.0,5e-05,9.0,170.0,40.0,27.5,0.8,1.3,120.0,1.2,5.0,7.0,7.5,1100.0,A,A • GES-1 22908160 Show profile:,GES-1_WT
1,260.0,3.0,7e-05,160.0,100.0,1.4,0.14,0.09,5.0,145.0,0.03,150.0,60.0,60.0,470.0,A,A • GES-5 22908160 Show profile:,GES-5_WT
2,190.0,70.0,0.03,255.0,185.0,290.0,26.0,10.0,1.5,130.0,17.0,15.0,35.0,10.0,600.0,A,A • GES-11 22908160 Show profile:,GES-11_WT
3,220.0,21.0,0.16,320.0,15.0,60.0,50.0,6.0,3.0,120.0,34.0,20.0,130.0,100.0,330.0,A,A • GES-12 22908160 Show profile:,GES-12_WT
4,54.0,6.0,0.05,80.0,180.0,1.8,0.125,0.7,1.6,34.0,0.7,31.0,50.0,33.0,415.0,A,A • GES-14 22908160 Show profile:,GES-14_WT
5,175.0,5.0,0.001,100.0,80.0,1.0,0.125,0.05,3.0,70.0,0.02,110.0,40.0,40.0,300.0,A,A • GES-18 23114760 Show profile:,GES-18_WT
6,,0.0,,800.0,750.0,380.0,0.0,,,,900.0,230.0,,,,A,A • KPC-2 18625772 Show profile:,KPC-2_WT
7,,,,3300.0,3100.0,700.0,,,,,,1000.0,,,8500.0,A,A • KPC-2 20662006 Show profile:,KPC-2_WT
8,,,,5400.0,5900.0,700.0,,,,,,1000.0,,,16000.0,A,A • KPC-2 22687511 Show profile:,KPC-2_WT
9,,,,4700.0,8100.0,500.0,,,,,,600.0,,,8700.0,A,A • KPC-2 W105F 20662006 Show profile:,KPC-2_W105F
10,,,,2600.0,4700.0,0.0,,,,,,90.0,,,4300.0,A,A • KPC-2 W105N 20662006 Show profile:,KPC-2_W105N
11,,,,0.0,1000.0,0.0,,,,,,60.0,,,1600.0,A,A • KPC-2 W105L 20662006 Show profile:,KPC-2_W105L
12,,,,1400.0,1500.0,0.0,,,,,,70.0,,,1700.0,A,A • KPC-2 W105V 20662006 Show profile:,KPC-2_W105V
13,,,,7000.0,3600.0,260.0,,,,,,1000.0,,,10000.0,A,A • KPC-2 T237S 20421396 Show profile:,KPC-2_T237S
14,,,,3500.0,900.0,,,,,,,220.0,,,13000.0,A,A • KPC-2 T237A 20421396 Show profile:,KPC-2_T237A
15,,,,5200.0,1900.0,0.0,,,,,,800.0,,,16000.0,A,A • KPC-2 R220H 22687511 Show profile:,KPC-2_R220H
16,,,,1200.0,1800.0,0.0,,,,,,200.0,,,6100.0,A,A • KPC-2 R220A 22687511 Show profile:,KPC-2_R220A
17,,,,2400.0,1600.0,0.0,,,,,,400.0,,,7700.0,A,A • KPC-2 R220M 22687511 Show profile:,KPC-2_R220M
18,,,,1700.0,2000.0,0.0,,,,,,1400.0,,,12000.0,A,A • KPC-2 R220K 22687511 Show profile:,KPC-2_R220K
19,,,,4800.0,6500.0,400.0,,,,,,900.0,,,19000.0,A,A • KPC-2 E276A 22687511 Show profile:,KPC-2_E276A
20,,,,7200.0,1100.0,500.0,,,,,,1300.0,,,19000.0,A,A • KPC-2 E276D 22687511 Show profile:,KPC-2_E276D
