Ambler class,Protein name,PDB code,Resolution (Å),Release date,UniProt code,PubMed ID,DOI,PDB,Mutations,Ligands,Space group,Unit cell parameters,Z value,Covalent,Michaelis,APO,SMILES
A,BAA-83,6W2Z,1.50,2020-03-25,P39824,,,pdb,,NXL,P 1 21 1,39.681 85.456 70.360 ♦ 90.00 94.97 90.00,4.0,NXL,,,NC(=O)[C@@H]1CC[C@@H](NOS(=O)(=O)O)CN1C=O
A,BEL-1,4MXB,1.79,2014-10-01,Q3SAW3,,,pdb,,IM2,P 1 21 1,53.980 95.860 103.420 ♦ 90.00 91.97 90.00,8.0,IM2,,,C[C@@H](O)[C@@H](C=O)[C@H]1CC(SCCNC=N)=C(C(=O)O)N1
A,BEL-1,5EPH,1.79,2016-09-21,Q3SAW3,27671060,10.1128/AAC.00936-16,pdb,,ID1,P 1 21 1,53.980 95.860 103.420 ♦ 90.00 91.97 90.00,8.0,ID1,,,C[C@@H](O)[C@@H](C=O)[C@H]1C[C@@H](SCC/N=C\N)C(C(=O)O)=N1
A,BEL-1,5EUA,1.85,2016-09-21,Q3SAW3,27671060,10.1128/AAC.00936-16,pdb,,3P7,P 21 21 21,70.530 80.910 86.640 ♦ 90.00 90.00 90.00,8.0,3P7,,,C=C1CO[C@H]([C@@](C=O)(NC(=O)[C@H](C(=O)O)c2ccc(O)cc2)OC)N=C1C(=O)O
A,BcI-248,6W33,1.85,2020-03-25,A0A5B7VP54,,,pdb,,1X6,P 1,42.728 43.643 72.404 ♦ 85.08 88.25 86.68,2.0,1X6,,,N/C=C/C(=O)OC[C@H](N)C(=O)O
A,BlaC,3CG5,1.70,2008-05-27,P9WKD3,18422342,10.1021/BI8001055,pdb,,ISS,P 21 21 21,49.666 67.655 75.032 ♦ 90.00 90.00 90.00,4.0,ISS,,,O=C/C=C/NCC(=O)CCO
A,BlaC,3DWZ,1.80,2009-03-10,P9WKD3,19251630,10.1126/SCIENCE.1167498,pdb,,DWZ,P 21 21 21,49.852 67.595 75.188 ♦ 90.00 90.00 90.00,4.0,DWZ,,,C[C@@H]1[C@H]([C@H](C=O)[C@@H](C)O)N=C(C(=O)O)[C@H]1S[C@@H]1CN[C@H](C(=O)N(C)C)C1
A,BlaC,3IQA,2.20,2010-04-14,P9WKD3,20353175,10.1021/BI100232Q,pdb,,DRW,P 21 21 21,49.989 68.068 75.792 ♦ 90.00 90.00 90.00,4.0,DRW,,,C[C@@H]1[C@H]([C@H](C=O)[C@@H](C)O)N=C(C(=O)O)[C@H]1S[C@@H]1CN[C@H](CNS(N)(=O)=O)C1
A,BlaC,3M6B,1.30,2010-04-14,P9WKD3,20353175,10.1021/BI100232Q,pdb,,1RG,P 21 21 21,49.657 67.922 75.546 ♦ 90.00 90.00 90.00,4.0,1RG,,,C[C@@H](O)[C@@H](C=O)[C@@H]1NC(C(=O)O)=C(S[C@@H]2CN[C@H](C(=O)Nc3cccc(C(=O)O)c3)C2)[C@@H]1C
A,BlaC,3M6H,1.99,2010-04-14,P9WKD3,20353175,10.1021/BI100232Q,pdb,,2RG,P 21 21 21,49.934 67.830 75.201 ♦ 90.00 90.00 90.00,4.0,2RG,,,C[C@@H]1[C@H]([C@H](C=O)[C@@H](C)O)N=C(C(=O)O)[C@H]1S[C@@H]1CN[C@H](C(=O)Nc2cccc(C(=O)O)c2)C1
A,BlaC,3N6I,2.00,2011-12-14,P9WKD3,,,pdb,E182A,XD1,P 21 21 21,49.855 68.052 75.469 ♦ 90.00 90.00 90.00,4.0,XD1,,,CC1(C)S[C@H]([C@H](N)C=O)N[C@H]1C(=O)O
A,BlaC,3N7W,1.70,2011-12-14,P9WKD3,,,pdb,E182A,AXL,P 21 21 21,49.855 68.150 75.586 ♦ 90.00 90.00 90.00,4.0,AXL,,,CC1(C)S[C@H]([C@@H](C=O)NC(=O)[C@H](N)c2ccc(O)cc2)N[C@H]1C(=O)O
A,BlaC,3N8L,1.40,2011-12-14,P9WKD3,,,pdb,E182A,AIX,P 21 21 21,49.703 67.836 75.245 ♦ 90.00 90.00 90.00,4.0,AIX,,,CC1(C)S[C@H]([C@@H](C=O)NC(=O)[C@H](N)c2ccccc2)N[C@H]1C(=O)O
A,BlaC,3N8R,1.41,2011-12-14,P9WKD3,,,pdb,E182A,CB9,P 21 21 21,49.631 67.856 75.390 ♦ 90.00 90.00 90.00,4.0,CB9,,,CC1(C)S[C@H]([C@@H](C=O)NC(=O)[C@@H](C(=O)O)c2ccccc2)N[C@H]1C(=O)O
A,BlaC,3N8S,2.00,2010-11-24,P9WKD3,20961112,10.1021/BI1015088,pdb,E182A,XD2,P 21 21 21,49.831 67.869 75.314 ♦ 90.00 90.00 90.00,4.0,XD2,,,Cn1nnnc1SCC1=C(C(=O)O)N[C@@H]([C@@H](C=O)NC(=O)[C@H](O)c2ccccc2)SC1
A,BlaC,3NBL,2.00,2011-12-14,P9WKD3,,,pdb,E182A,DXF,P 21 21 21,49.383 68.102 75.652 ♦ 90.00 90.00 90.00,4.0,DXF,,,CO/N=C(\C(=O)N[C@H](C=O)[C@@H]1NC(C(=O)O)=C(COC(N)=O)CS1)c1ccco1
A,BlaC,3NC8,1.50,2011-12-14,P9WKD3,,,pdb,E182A,DH4,P 21 21 21,49.809 67.947 75.279 ♦ 90.00 90.00 90.00,4.0,DH4,,,CC1(C)S[C@@H]([C@@H](C=O)/N=C/N2CCCCCC2)N[C@H]1C(=O)O
A,BlaC,3NCK,2.80,2011-12-14,P9WKD3,,,pdb,E182A,NFF,P 21 21 21,48.671 67.822 76.643 ♦ 90.00 90.00 90.00,4.0,NFF,,,CCOc1ccc2ccccc2c1C(=O)N[C@H](C=O)[C@@H]1N[C@@H](C(=O)O)C(C)(C)S1
A,BlaC,3NDE,1.70,2011-12-14,P9WKD3,,,pdb,E182A,9EP,P 21 21 21,49.821 67.837 75.323 ♦ 90.00 90.00 90.00,4.0,9EP,,,CC(=O)OCC1=C(C(=O)O)N[C@@H]([C@@H](C=O)NC(=O)Cc2cccs2)SC1
A,BlaC,3NDG,1.90,2011-12-14,P9WKD3,,,pdb,E182A,7EP,P 21 21 21,49.355 67.908 75.569 ♦ 90.00 90.00 90.00,4.0,7EP,,,COc1cccc(OC)c1C(=O)N[C@H](C=O)[C@@H]1N[C@@H](C(=O)O)C(C)(C)S1
A,BlaC,3VFF,2.78,2012-09-19,P9WKD3,,,pdb,E166A,CD8,P 1 21 1,80.061 96.603 108.555 ♦ 90.00 107.69 90.00,8.0,CD8,,,C=C1CS[C@H]([C@@](C=O)(NC(=O)c2ccccc2)OC)N=C1C(=O)O
A,BlaC,3VFH,2.57,2012-09-19,P9WKD3,,,pdb,E166A,CD6,P 1 21 1,79.396 97.459 110.958 ♦ 90.00 108.37 90.00,8.0,CD6,,,C=C1CS[C@H]([C@@H](C=O)NC(=O)Cc2ccccc2)N=C1C(=O)O
A,BlaC,4EBL,2.10,2013-04-03,P9WKD3,,,pdb,E166A,SFR,P 1 21 1,78.792 96.946 109.526 ♦ 90.00 107.95 90.00,8.0,SFR,,,C[C@@H](O)[C@@H](C(=O)O)[C@@H]1NC(C(=O)O)=C([C@H]2CCCO2)S1
A,BlaC,4EBP,2.29,2013-04-03,P9WKD3,,,pdb,E166A,PCZ,P 1 21 1,78.820 96.152 107.088 ♦ 90.00 106.34 90.00,8.0,PCZ,,,C=C1CS[C@H]([C@@H](C=O)NC(=O)/C(=N\OC)c2csc(N)n2)N=C1C(=O)O
A,BlaC,4Q8I,1.90,2014-08-20,P9WKD3,24846409,10.1021/bi500339j,pdb,,TEB,P 21 21 21,49.925 68.026 75.554 ♦ 90.00 90.00 90.00,4.0,TEB,,,C[C@@H](O)[C@@H](C=O)[C@@H]1NC(C(=O)O)=C(SC2CN(C3=NCCS3)C2)[C@@H]1C
A,BlaC,4QHC,1.90,2015-07-22,P9WKD3,26237118,10.1021/acs.biochem.5b00698,pdb,,33V,P 21 21 21,49.699 68.330 75.247 ♦ 90.00 90.00 90.00,4.0,33V,,,O=C(O)[C@@H]1CS[C@H]([C@H]2C[C@@H]3CCSCN3N2)[C@@H](CO)CN1
A,BlaC,4X6T,1.40,2015-12-23,P9WKD3,,10.1021/ACSINFECDIS.5B00003,pdb,,3Y6,P 21 21 21,43.264 71.417 84.683 ♦ 90.00 90.00 90.00,4.0,3Y6,,,CCn1ccn(C(=O)N[C@@H](C(=O)N[C@@H](Cc2cccc(C(=O)O)c2)B(O)O)c2ccc(O)cc2)c(=O)c1=O
A,BlaC,6B68,2.15,2018-06-27,P9WKD3,29848358,10.1186/S12915-018-0524-5,pdb,,FZS,P 1 21 1,78.700 96.030 113.060 ♦ 90.00 109.87 90.00,8.0,FZS,9F2,,C=C1CS[C@H]([C@H](CO)NC(=O)/C(=N\OC)c2csc(N)n2)N=C1C(=O)O
A,BlaC,6H2G,2.80,2019-01-23,P0A5I7,30632739,10.1021/ACS.BIOCHEM.8B01085,pdb,,FK2,P 1,39.398 41.314 76.222 ♦ 75.67 89.96 89.26,2.0,FK2,,,O=CCC(=O)O
A,BlaC,6H2I,2.72,2019-01-23,P0A5I7,30632739,10.1021/ACS.BIOCHEM.8B01085,pdb,,TBE,P 1,39.632 41.523 76.417 ♦ 103.83 89.99 90.79,2.0,TBE,,,C[C@](Cn1ccnn1)([C@@H](N/C=C\C=O)C(=O)O)[SH](=O)=O
A,BlaC,6H2K,1.90,2019-01-23,P0A5I7,30632739,10.1021/ACS.BIOCHEM.8B01085,pdb,,TSL,P 1,39.710 41.950 76.930 ♦ 105.10 89.95 90.81,2.0,TSL,,,CC(C)([C@@H](N/C=C/C=O)C(=O)O)[S@@](=O)O
A,BPS-3,5GLB,1.60,2017-02-15,A0A2Z4SUB5,27827433,10.1038/SREP36527,pdb,,CB4,P 21 21 2,70.059 92.881 34.993 ♦ 90.00 90.00 90.00,4.0,CB4,,,CC(C)(O/N=C(\C(=O)NCB(O)O)c1csc(N)n1)C(=O)O
A,CTX-M-9,1YM1,1.12,2005-04-26,Q9L5C8,15826180,10.1021/JA042850A,pdb,,SM2,P 1 21 1,45.120 106.717 47.718 ♦ 90.00 101.89 90.00,4.0,SM2,,,O=C(Cc1cccs1)N[C@H](B(O)O)c1cccc(C(=O)O)c1
A,CTX-M-9,1YMS,1.60,2005-04-26,Q9L5C8,15826180,10.1021/JA042850A,pdb,,NBF,P 1 21 1,45.260 106.825 47.867 ♦ 90.00 101.74 90.00,4.0,NBF,,,CCOc1ccc2ccccc2c1C(=O)NCB(O)O
A,CTX-M-9,1YMX,1.70,2005-04-26,Q9L5C8,15826180,10.1021/JA042850A,pdb,,CFX,P 1 21 1,45.209 106.781 47.779 ♦ 90.00 101.62 90.00,4.0,CFX,,,CO[C@@]1(NC(=O)Cc2cccs2)C(=O)N2C(C(=O)O)=C(COC(N)=O)CS[C@@H]21
A,CTX-M-9,4LEN,1.50,2014-06-18,Q9L5C8,24882105,10.1021/JM5006572,pdb,,2GK,P 1 21 1,45.116 106.595 47.680 ♦ 90.00 102.03 90.00,4.0,2GK,,,O=C(O)/C=C/c1c(B(O)O)sc2ccccc12
A,CTX-M-14,5TW6,1.70,2017-06-28,Q9L5C7,28613873,10.1021/ACS.BIOCHEM.7B00176,pdb,E166A P167S,CAZ,P 32 2 1,41.540 41.540 231.151 ♦ 90.00 90.00 120.00,6.0,CAZ,,,C=C1CS[C@H]([C@@H](C=O)NC(=O)/C(=N\OC(C)(C)C(=O)O)c2csc(N)n2)N=C1C(=O)O
A,CTX-M-14,5UJO,1.35,2017-02-08,A0A1B3B7F6,—,10.1021/ACS.ORGANOMET.6B00888,pdb,,8CY,P 1 21 1,44.961 107.351 47.956 ♦ 90.00 101.36 90.00,4.0,8CY,LSI,,CC1=C(C(=O)O)N[C@@H]([C@H](NC(=O)CCC(=O)C23[C]4[C]5[C]6[C]2[Ru]56432789[C]3[C]2[C]7[C]8[C]39)C(=O)O)SC1
A,CTX-M-14,6UNB,1.30,2019-10-30,A0A2S1PK93,,,pdb,,TJ7,P 1 21 1,45.110 106.460 47.670 ♦ 90.00 101.92 90.00,4.0,TJ7,,,CO[C@](C=O)(NC(=O)[C@H](C(=O)O)c1ccsc1)[C@@H]1N[C@@H](C(=O)O)C(C)(C)S1
A,CTX-M-14,6V7H,1.00,2020-08-12,A0A2S1PK93,32778546,10.1128/AAC.00398-20,pdb,,4D6,P 1 21 1,45.300 106.695 47.865 ♦ 90.00 101.64 90.00,4.0,4D6,,,O=C(O)C[C@@H]1CC[C@H](NC(=O)Cc2cccs2)B(O)O1
A,CTX-M-14,6VHS,1.28,2020-08-26,A0A2S1PK93,32658473,10.1021/ACS.JMEDCHEM.0C00579,pdb,,X57,P 1 21 1,45.250 106.920 47.870 ♦ 90.00 101.81 90.00,4.0,X57,,,CC1=C[C@@H](C(N)=O)N(C=O)C[C@@H]1NO[C@H](F)C(=O)O
A,CTX-M-14,6VNU,1.47,2020-04-01,A0A1B3B7F6,32182393,10.1002/CBIC.202000054,pdb,,TDJ,P 1 21 1,45.152 106.894 47.908 ♦ 90.00 101.68 90.00,4.0,TDJ,,,C=C1CS[C@H]([C@H](NC(=O)CCC(=O)C23[C]4[C]5[C]6[C]2[Ru]56432789[C]3[C]2[C]7[C]8[C]39)C(=O)O)N=C1C(=O)O
A,CTX-M-14,7K2W,1.40,2020-11-04,A0A2H4FY00,,,pdb,,CEF,P 32 2 1,41.654 41.654 232.309 ♦ 90.00 90.00 120.00,6.0,CEF,,,C=C1CS[C@H]([C@@H](C=O)NC(=O)/C(=N\OC)c2csc(N)n2)N=C1C(=O)O
A,CTX-M-14,7Q0Y,1.30,2022-04-13,A0A2S1JJX2,35365689,10.1038/S41598-022-09392-6,pdb,,BO2,P 21 21 21,41.303 62.331 86.244 ♦ 90.00 90.00 90.00,4.0,BO2,,,CC(C)C[C@H](NC(=O)[C@H](Cc1ccccc1)NC(=O)c1cnccn1)B(O)O
A,CTX-M-14,7Q11,1.14,2022-04-13,D2D9A0,35365689,10.1038/S41598-022-09392-6,pdb,,6V8,P 21 21 21,41.485 62.372 87.187 ♦ 90.00 90.00 90.00,4.0,6V8,,,CC(C)C[C@H](NC(=O)CNC(=O)c1cc(Cl)ccc1Cl)B(O)O
A,CTX-M-15,5FA7,1.67,2016-01-20,Q9EXV5,26731698,10.1021/ACSCHEMBIO.5B00944,pdb,,5VR,P 1 21 1,62.730 60.270 76.010 ♦ 90.00 112.78 90.00,4.0,5VR,,,CC(=O)NNC(=O)[C@@H]1CC[C@@H](NOS(=O)(=O)O)CN1C=O
A,CTX-M-15,5FAO,3.01,2016-02-17,Q9EXV5,26731698,10.1021/ACSCHEMBIO.5B00944,pdb,,5VW,P 21 21 21,43.890 62.730 175.490 ♦ 90.00 90.00 90.00,8.0,5VW,,,O=CN1C[C@H](NOS(=O)(=O)O)CC[C@H]1C(=O)NO[C@H]1CCNC1
A,CTX-M-15,5FAP,2.70,2016-01-20,Q9EXV5,26731698,10.1021/ACSCHEMBIO.5B00944,pdb,,602,P 1 21 1,63.120 61.830 73.070 ♦ 90.00 103.98 90.00,4.0,602,,,O=CN1C[C@H](NOS(=O)(=O)O)CC[C@H]1C(=O)NNC(=O)C1CNC1
A,CTX-M-15,5T66,1.95,2017-02-15,G3G192,28115348,10.1128/AAC.02260-16,pdb,,C6S,P 2 21 21,43.463 76.106 149.375 ♦ 90.00 90.00 90.00,8.0,C6S,,,O=C(O)c1cccc2c1OB(O)[C@@H](NC(=O)C1CCCCC1)C2
A,CTX-M-15,6QW8,1.10,2019-08-21,,31383664,10.1128/AAC.00564-19,pdb,,MK7,P 21 21 21,44.538 45.563 117.915 ♦ 90.00 90.00 90.00,4.0,MK7,,,O=CN1C[C@H](NOS(=O)(=O)O)CC[C@H]1C(=O)NC1CCNCC1
A,CTX-M-15,6SP6,1.10,2020-01-22,A0A223A5J4,31765155,10.1021/ACS.JMEDCHEM.9B01518,pdb,,KJK,P 21 21 21,44.558 45.719 117.219 ♦ 90.00 90.00 90.00,4.0,KJK,,,NCCN[C@H]1CC[C@H](CC(=O)N[C@H]2Cc3cccc(C(=O)O)c3OB2O)CC1
A,CTX-M-15,6Z7K,1.10,2021-06-09,G3G192,,,pdb,,QBZ,P 21 21 21,44.693 45.426 117.753 ♦ 90.00 90.00 90.00,4.0,QBZ,,,C[C@](Cn1ccnn1)([C@@H](/N=C/CC(=O)O)C(=O)O)[S-](=O)=O
A,CTX-M-15,7BH5,1.55,2021-07-21,G3G192,34294694,10.1038/S41467-021-24757-7,pdb,,TVE,P 21 21 21,44.850 45.493 117.564 ♦ 90.00 90.00 90.00,4.0,TVE,,,C[C@@H]1C([C@H](C=O)[C@@H](C)O)=N[C@@H](C(=O)O)[C@@H]1S[C@@H]1CN[C@@H](C(=O)Nc2cccc(C(=O)O)c2)C1
A,CTX-M-15,7TI0,1.50,2022-05-18,Q2PUH3,35358864,10.1016/J.BMC.2022.116722,pdb,,ZXQ,P 21 21 21,45.880 44.780 117.190 ♦ 90.00 90.00 90.00,4.0,ZXQ,,,O=C(O)C[C@H]1C=CC[C@H](NC(=O)Cc2cccs2)B(O)O1
A,CTX-M-15,7U48,1.67,2022-05-25,C7S9T0,35563620,10.3390/IJMS23095229,pdb,A25P Q26L,LBX,C 1 2 1,170.692 50.976 106.699 ♦ 90.00 113.23 90.00,12.0,LBX,,,O=CC/C=N/[C@H](C(=O)O)C(=O)CCO
A,CTX-M-15,7U49,1.72,2022-05-25,C7S9T0,35563620,10.3390/IJMS23095229,pdb,,LD0,C 1 2 1,170.955 50.939 106.597 ♦ 90.00 113.45 90.00,12.0,LD0,,,CO/N=C(\C(=O)N[C@H](C=O)[C@@H]1N[C@H](C(=O)O)[C@H](CS)CS1)c1csc(N)n1
A,CTX-M-15,7U4B,1.92,2022-05-25,C7S9T0,35563620,10.3390/IJMS23095229,pdb,A25P Q26L,NW3,C 1 2 1,170.955 50.939 106.597 ♦ 90.00 113.45 90.00,12.0,NW3,,,CC1(C)S[C@@H]([C@H](C=O)NC(=O)[C@@H](N)c2ccccc2)N[C@H]1C(=O)O
A,CTX-M-44,1IYP,2.00,2002-12-11,Q47066,12221102,10.1074/JBC.M207884200,pdb,E166A,CEP,P 32 2 1,73.229 73.229 100.229 ♦ 90.00 90.00 120.00,6.0,CEP,,,COC(=O)CC1=C(C(=O)O)N[C@@H]([C@@H](C=O)NC(=O)Cc2cccs2)SC1
A,CTX-M-44,1IYQ,2.10,2002-12-11,Q47066,12221102,10.1074/JBC.M207884200,pdb,E166A,PNM,P 32 2 1,72.799 72.799 99.467 ♦ 90.00 90.00 120.00,6.0,PNM,,,CC1(C)S[C@H]([C@@H](C=O)NC(=O)Cc2ccccc2)N[C@H]1C(=O)O
A,CTX-M-44,2ZQ9,1.07,2009-07-28,Q47066,,,pdb,E166A R274N R276N,CEO,P 32 2 1,72.421 72.421 97.518 ♦ 90.00 90.00 120.00,6.0,CEO,CLS,,C=C1CS[C@H]([C@@H](C=O)NC(=O)Cc2cccs2)N=C1C(=O)O
A,CTX-M-44,2ZQC,1.07,2009-07-28,Q47066,,,pdb,E166A R274N R276N,AZR,P 32 2 1,72.293 72.293 97.578 ♦ 90.00 90.00 120.00,6.0,AZR,,,C[C@H](NS(=O)(=O)O)[C@@H](C=O)NC(=O)/C(=N\OC(C)(C)C(=O)O)c1csc(N)n1
A,CTX-M-44,4BD0,1.21,2013-01-09,Q47066,23255594,10.1074/JBC.M112.436238,pdb,R274N R276N,BZB,P 32 2 1,72.500 72.500 97.670 ♦ 90.00 90.00 120.00,6.0,BZB,,,OB(O)c1cc2ccccc2s1
A,CTX-M-44,4X69,1.42,2015-07-01,Q47066,26089439,10.1093/JAC/DKV166,pdb,A26G,OP0,P 1 21 1,51.533 72.982 63.052 ♦ 90.00 109.29 90.00,4.0,OP0,,,NCCONC(=O)[C@@H]1CC[C@@H](NOS(=O)(=O)O)CN1C=O
A,GES-5,6Q35,1.40,2019-04-24,Q09HD0,30996812,10.1021/ACSMEDCHEMLETT.8B00607,pdb,,HD5,P 21 21 21,75.669 79.444 87.523 ♦ 90.00 90.00 90.00,8.0,HD5,,,NCc1ccc2sc(B(O)O)cc2c1
A,KPC-2,3RXW,1.26,2012-03-21,Q9F663,22330909,10.1128/AAC.06099-11,pdb,,SR3,P 21 21 21,49.051 66.288 71.776 ♦ 90.00 90.00 90.00,4.0,SR3,,,[H][S@TB19](O)(O)[C@@](C)(C(=O)OCC(N)=O)[C@@H](N/C=C/C=O)C(=O)O
A,KPC-2,3RXX,1.62,2012-03-21,Q9F663,22330909,10.1128/AAC.06099-11,pdb,,NPB,P 21 21 21,50.348 66.558 73.598 ♦ 90.00 90.00 90.00,4.0,NPB,,,O=[N+]([O-])c1cccc(B(O)O)c1
A,KPC-2,5EEC,1.87,2016-02-03,Q9F663,26729491,10.1128/AAC.02643-15,pdb,,ZXM,P 1 21 1,51.853 77.883 64.773 ♦ 90.00 108.67 90.00,4.0,ZXM,,,O=C(Cc1cccs1)N[C@@H](Cn1cc(C(=O)O)nn1)B(O)O
A,KPC-2,5LL7,1.40,2018-02-21,A0A0H4IUK8,,,pdb,,6YV,P 21 21 21,49.033 65.764 72.210 ♦ 90.00 90.00 90.00,4.0,6YV,,,O=C(O)/C=C/c1ccccc1B(O)O
A,KPC-2,6B1F,1.44,2018-08-01,Q9F663,29627985,10.1021/ACS.JMEDCHEM.8B00091,pdb,,C8Y,P 1,34.540 37.432 82.339 ♦ 92.33 90.05 95.25,2.0,C8Y,,,N#C[C@@H]1CC[C@@H](NOS(=O)(=O)O)CN1C=O
A,KPC-2,6B1J,1.60,2018-08-01,Q9F663,29627985,10.1021/ACS.JMEDCHEM.8B00091,pdb,,C8V,P 1,34.440 37.416 82.128 ♦ 92.31 90.04 95.26,2.0,C8V,,,O=CN1C[C@H](NOS(=O)(=O)O)CC[C@H]1C(=O)NNC(=O)[C@@H]1CCCNC1
A,KPC-2,6B1X,1.45,2018-08-01,Q9F663,29627985,10.1021/ACS.JMEDCHEM.8B00091,pdb,,C9D,P 1,34.493 37.436 82.235 ♦ 92.30 90.21 95.08,2.0,C9D,,,O=CN1C[C@H](NOS(=O)(=O)O)CC[C@H]1C(=O)NNC(=O)[C@@H]1CCNC1
A,KPC-2,6B1Y,1.80,2018-08-01,Q9F663,29627985,10.1021/ACS.JMEDCHEM.8B00091,pdb,,CD7,P 1,34.529 37.349 82.070 ♦ 87.66 89.71 84.31,2.0,CD7,,,N=C1CC[C@@H](C(=O)NNC(=O)[C@@H]2CCN(OS(=O)(=O)O)C2)N(C=O)C1
A,KPC-2,6J8Q,1.79,2019-07-17,Q93LQ9,31269398,10.1021/ACS.JMEDCHEM.9B00735,pdb,,BHU,P 3 2 1,165.159 165.159 94.895 ♦ 90.00 90.00 120.00,24.0,BHU,,,C[C@H](CS)C(=O)NCB(O)O
A,KPC-2,6JN3,2.22,2019-07-17,Q93LQ9,31269398,10.1021/ACS.JMEDCHEM.9B00735,pdb,,BX6,P 3 2 1,165.515 165.515 94.681 ♦ 90.00 90.00 120.00,24.0,BX6,,,C[C@H](CS)C(=O)N[C@@H](Cc1ccccc1)B(O)O
A,KPC-2,6JN4,1.90,2019-07-17,Q93LQ9,31269398,10.1021/ACS.JMEDCHEM.9B00735,pdb,,BX9,P 3 2 1,164.785 164.785 94.683 ♦ 90.00 90.00 120.00,24.0,BX9,,,C[C@H](CS)C(=O)N[C@H](B(O)O)c1ccc(F)cc1
A,KPC-2,6JN5,1.97,2019-07-17,Q93LQ9,31269398,10.1021/ACS.JMEDCHEM.9B00735,pdb,,BXU,P 3 2 1,164.757 164.757 94.499 ♦ 90.00 90.00 120.00,24.0,BXU,,,C[C@H](CS)C(=O)N[C@@H](B(O)O)c1ccc(F)cc1
A,KPC-2,6V1J,1.30,2020-03-25,Q9F663,32150407,10.1021/ACS.JMEDCHEM.9B01976,pdb,,RM9,P 2 21 21,55.660 59.990 78.160 ♦ 90.00 90.00 90.00,4.0,RM9,,,O=C(O)c1c(F)ccc2c1OB(O)[C@@H]1C[C@H]21
A,KPC-2,7A61,1.25,2021-02-24,Q9F663,33618159,10.1016/J.EJMECH.2021.113257,pdb,E166Q,R0B,P 21 21 2,60.535 80.033 56.003 ♦ 90.00 90.00 90.00,4.0,R0B,,,CCCCC1=C(C(=O)O)N[C@@H]([C@H](C(=O)O)[C@@H](C)O)S1
A,KPC-2,7E9A,2.25,2021-08-04,Q93LQ9,34259249,10.1039/D1CC03026D,pdb,,J00,P 3 2 1,165.421 165.421 94.860 ♦ 90.00 90.00 120.00,24.0,J00,,,C=C(C(=O)O)[C@H]1OB(O)c2ccccc21
A,KPC-2,7UTB,1.38,2022-12-14,Q9F663,36602311,10.1128/aac.00930-22,pdb,,OC0,P 21 21 21,51.716 66.673 73.143 ♦ 90.00 90.00 90.00,4.0,OC0,,,Nc1nnc(SCC(=O)N[C@@H](Cn2cc(C(=O)O)nn2)[B-](O)(O)O)s1
A,KPC-2,7VQN,2.34,2022-10-26,Q9F663,,,pdb,,7TC,P 1 21 1,64.193 127.539 76.303 ♦ 90.00 104.29 90.00,8.0,7TC,,,C=C1C(C(=O)O)=N[C@@H]([C@H](C=O)[C@@H](C)O)[C@H]1C
A,KPC-2,8AKL,1.35,2023-03-08,Q9F663,,,pdb,E166Q,O2F,P 21 21 2,60.563 79.206 56.255 ♦ 90.00 90.00 90.00,4.0,O2F,,,C[C@@H]1[C@H]([C@H](C=O)[C@@H](C)O)N=C(C(=O)O)[C@@H]1S[C@@H]1CN[C@H](C(=O)N(C)C)C1
A,KPC-2,8AKM,1.25,2023-03-08,Q9F663,,,pdb,E166Q,N9X,P 21 21 2,60.262 78.515 55.595 ♦ 90.00 90.00 90.00,4.0,N9X,,,C[C@@H]1[C@H]([C@H](C=O)[C@@H](C)O)N=C(C(=O)O)[C@@H]1S[C@@H]1CN[C@@H](C(=O)Nc2ccc(C(=O)O)cc2)C1
A,L2-2,5NE1,2.09,2017-09-13,Q9RBQ1,,,pdb,,OK3,P 21 21 21,70.380 85.690 113.180 ♦ 90.00 90.00 90.00,8.0,OK3,,,NCc1ccc(C(=O)N[C@H]2Cc3cccc(C(=O)O)c3O[B-]2(O)O)cc1
A,NmcA,1BUL,1.89,1998-12-30,P52663,—,10.1021/ja9817996,pdb,,AP3,P 21 21 2,77.550 52.460 67.220 ♦ 90.00 90.00 90.00,4.0,AP3,,,CC(C)(O)[C@@H](C(=O)O)[C@@H]1N[C@@H](C(=O)O)C(C)(C)S1
A,PC1-1,1BLH,2.30,1994-08-31,P00807,8230196,10.1006/JMBI.1993.1571,pdb,,FOS,I 2 2 2,53.960 94.200 138.930 ♦ 90.00 90.00 90.00,8.0,FOS,,,O=C(NCP(=O)(O)O)OCc1ccccc1
A,PC1-1,1GHM,1.86,2001-04-04,P00807,11327855,10.1021/BI002277H,pdb,E166D N170Q,CED,I 2 2 2,53.500 90.800 140.200 ♦ 90.00 90.00 90.00,8.0,CED,,,CC1=C(C(=O)O)N[C@@H]([C@@H](C=O)NC(=O)Cc2cccs2)SC1
A,PenP-2,2WK0,1.65,2009-12-01,P94458,19919161,10.1021/JA9051526,pdb,,BIY,P 1 21 1,46.988 104.479 63.740 ♦ 90.00 94.07 90.00,4.0,BIY,,,CC1(C)SC(C(=O)O)=CN[C@H]1C(=O)O
A,PenP-2,2X71,2.10,2010-07-14,P94458,20593835,10.1021/JM100437U,pdb,,L4C,P 1 21 1,46.652 104.089 62.838 ♦ 90.00 94.45 90.00,4.0,L4C,,,CC(=O)N[C@@H](CO/N=C(\CCC(=O)O)C(=O)O)C(=O)O
A,SED-1,3BFG,2.00,2007-12-18,Q93PQ0,,,pdb,G238C,MER,C 1 2 1,188.142 73.177 105.384 ♦ 90.00 122.42 90.00,16.0,MER,,,C[C@@H](O)[C@@H](C=O)[C@@H]1NC(C(=O)O)=C(S[C@@H]2CN[C@H](C(=O)N(C)C)C2)[C@@H]1C
A,SHV-1,1ONG,1.10,2003-12-09,P14557,14609325,10.1021/BI034986B,pdb,,WY4,P 21 21 21,49.555 55.183 85.315 ♦ 90.00 90.00 90.00,4.0,WY4,,,O=CC1=CN=C(C(=O)O)CS[C@H]1c1cn2c(n1)COCC2
A,SHV-1,1Q2P,2.00,2004-09-14,P14557,15588091,10.1021/JM049680X,pdb,,WY2,P 21 21 21,49.532 55.105 84.154 ♦ 90.00 90.00 90.00,4.0,WY2,,,O=C(O)C1=CN=C(C(=O)O)CS[C@H]1c1cn2c3c(sc2n1)CCC3
A,SHV-1,1RCJ,1.63,2004-02-17,P14557,14744126,,pdb,E166A,TBI,P 21 21 21,49.848 55.193 83.733 ♦ 90.00 90.00 90.00,4.0,TBI,,,C[C@](Cn1ccnn1)([C@@H](N/C=C/C=O)C(=O)O)[SH](=O)=O
A,SHV-1,2A49,1.43,2005-08-02,P14557,16055923,10.1074/JBC.M505333200,pdb,E166A,TEM,P 21 21 21,49.630 55.200 84.710 ♦ 90.00 90.00 90.00,4.0,TEM,,,O=C/C=C/NC[C@H](O)CC=O
A,SHV-1,2H5S,1.28,2006-10-17,Q5PSW7,17017804,10.1021/JA063715W,pdb,,SA2,P 21 21 21,49.810 55.220 84.430 ♦ 90.00 90.00 90.00,4.0,SA2,,,C[C@](COC(=O)CCCC(=O)O)([C@@H](N/C=C/C=O)C(=O)O)[S@](=O)O
A,SHV-1,3D4F,1.55,2009-02-10,P0AD64,18955486,10.1074/JBC.M806833200,pdb,,LN1,P 21 21 21,49.611 55.503 83.502 ♦ 90.00 90.00 90.00,4.0,LN1,,,C[C@](COC(=O)Cc1ccc(O)c(O)c1)([C@@H](Nc1c(C=O)cc2ccccn12)C(=O)O)[S@@](=O)O
A,SHV-1,3MKF,1.33,2010-11-24,P0AD64,21041505,10.1128/AAC.00930-10,pdb,,CZ7,P 21 21 21,49.215 56.139 82.590 ♦ 90.00 90.00 90.00,4.0,CZ7,,,CCn1ccn(C(=O)N[C@@H](C(=O)NCB(O)O)c2ccc(O)cc2)c(=O)c1=O
A,SHV-1,3MXR,1.30,2010-11-24,P0AD64,21041505,10.1128/AAC.00930-10,pdb,,CZ8,P 21 21 21,49.587 55.639 83.036 ♦ 90.00 90.00 90.00,4.0,CZ8,,,CCN1CCN(C(=O)N[C@H](CCc2ccc(O)cc2)C(=O)NCB(O)O)C(=O)C1=O
A,SHV-1,3MXS,1.24,2010-11-24,P0AD64,21041505,10.1128/AAC.00930-10,pdb,,CZ9,P 21 21 21,49.703 55.479 83.159 ♦ 90.00 90.00 90.00,4.0,CZ9,,,CCN1CCN(C(=O)N[C@H](Cc2ccc(O)cc2)C(=O)NCB(O)O)C(=O)C1=O
A,SHV-1,4GD6,1.53,2013-07-31,P0AD64,23145056,10.1371/JOURNAL.PONE.0049035,pdb,,17K,P 21 21 21,49.639 55.576 83.351 ♦ 90.00 90.00 90.00,4.0,17K,,,C[C@](COC(=O)Cc1ccccc1)([C@@H](Nc1c(C=O)cc2ccccn12)C(=O)O)[S@](=O)O
A,SHV-1,4GD8,1.60,2013-07-31,P0AD64,23145056,10.1371/JOURNAL.PONE.0049035,pdb,,MXF,P 21 21 21,49.394 55.460 83.649 ♦ 90.00 90.00 90.00,4.0,MXF,,,C[C@](COC(=O)NCCN)([C@@H](Nc1c(C=O)cc2ccccn12)C(=O)O)[S@](=O)O
A,SHV-1,4GDB,1.84,2013-07-31,P0AD64,23145056,10.1371/JOURNAL.PONE.0049035,pdb,,17O,P 21 21 21,49.580 55.502 85.797 ♦ 90.00 90.00 90.00,4.0,17O,,,O=CC1=CNC(C(=O)O)=CS[C@H]1c1cc2n(n1)CSC2
A,SHV-1,4JPM,1.14,2013-12-04,P0AD64,24219313,10.1021/JA403598G,pdb,,1OG,P 21 21 21,49.308 55.222 84.285 ♦ 90.00 90.00 90.00,4.0,1OG,,,CC(=O)OC/C1=C(C(=O)O)/N=C\[C@@H](C=O)[C@H](C(=O)OC(C)(C)C)S(=O)(=O)C1
A,SHV-1,4MBF,1.54,2014-07-30,P0AD64,24454944,10.1371/JOURNAL.PONE.0085892,pdb,,2AW,P 21 21 21,49.517 55.197 84.042 ♦ 90.00 90.00 90.00,4.0,2AW,,,C[C@](COC(=O)CCCCC(=O)O)([C@@H](NCCC=O)C(=O)O)[S@](=O)O
A,SHV-1,4MBH,1.22,2014-07-30,P0AD64,24454944,10.1371/JOURNAL.PONE.0085892,pdb,E166A,0RJ,P 21 21 21,49.538 55.259 83.819 ♦ 90.00 90.00 90.00,4.0,0RJ,,,N[C@@H](CNC=O)C(=O)O
A,SHV-1,4R3B,1.37,2015-01-21,P0AD64,25536850,10.1021/BI501197T,pdb,,3GE,P 21 21 21,49.238 55.274 84.465 ♦ 90.00 90.00 90.00,4.0,3GE,,,CC(C)([C@@H](NCC(CO)CO)C(=O)O)[S](=O)=O
A,TEM-1,1ERM,1.70,2000-05-10,P62593,10820001,10.1021/BI992505B,pdb,,BJI,P 21 21 21,63.030 89.060 42.160 ♦ 90.00 90.00 90.00,4.0,BJI,,,CC(=O)N[C@@H](Cc1cccc(C(=O)O)c1)B(O)O
A,TEM-1,1ERO,2.10,2000-05-10,P62593,10820001,10.1021/BI992505B,pdb,,BJP,P 21 21 21,61.190 89.280 42.100 ♦ 90.00 90.00 90.00,4.0,BJP,,,O=C(Cc1ccccc1)N[C@@H](Cc1cccc(C(=O)O)c1)B(O)O
A,TEM-1,1ERQ,1.90,2000-05-10,P62593,10820001,10.1021/BI992505B,pdb,,BJH,P 21 21 21,63.222 89.039 42.088 ♦ 90.00 90.00 90.00,4.0,BJH,,,CC(=O)N[C@@H](Cc1cccc(C(=O)O)c1O)B(O)O
A,TEM-1,1JWZ,1.80,2002-06-05,P62593,12079336,10.1016/S0022-2836(02)00400-X,pdb,E104K R164S M182T,105,P 21 21 21,72.002 34.546 105.489 ♦ 90.00 90.00 90.00,4.0,105,,,Cc1onc(-c2ccccc2Cl)c1C(=O)NCB(O)O
A,TEM-1,1NYM,1.20,2003-08-26,P62593,12859188,10.1021/BI034242Y,pdb,M182T,CXB,P 21 21 21,41.344 61.659 89.129 ♦ 90.00 90.00 90.00,4.0,CXB,,,CO/N=C(\C(=O)NCB(O)O)c1csc(N)n1
A,TEM-1,1TEM,1.95,1997-05-15,P62593,,,pdb,,ALP,P 21 21 21,42.100 63.100 88.800 ♦ 90.00 90.00 90.00,4.0,ALP,,,CC1(C)S[C@H]([C@@H](CO)C(=O)O)N[C@H]1C(=O)O
A,TEM-1,4OPZ,1.45,2015-05-20,Q8KMX3,,,pdb,A183V A41G R119G N51A L200A K103E,2UL,C 1 2 1,155.560 47.040 34.680 ♦ 90.00 92.46 90.00,4.0,2UL,,,N[C@@H](C(=O)N[C@@H](Cc1cccc(C(=O)O)c1)B(O)O)c1ccccc1
A,TEM-1,4ZJ2,1.80,2015-05-20,P62593,26038548,10.1073/PNAS.1507741112,pdb,E166N,4OV,P 21 21 21,46.461 47.044 127.580 ♦ 90.00 90.00 90.00,4.0,4OV,,,CC1=C(C(=O)O)N[C@@H]([C@H](NC(=O)[C@H](N)c2ccccc2)C(=O)OC[C@H](N)C(=O)O)SC1
C,ACC-1,6KA5,1.59,2019-10-16,Q9XB24,31451494,10.1128/AAC.01411-19,pdb,,1S7,C 1 2 1,133.092 60.340 56.490 ♦ 90.00 111.93 90.00,4.0,1S7,,,C=C1CS[C@H]([C@@](C=O)(NC(=O)Cc2cccs2)OC)N=C1C(=O)O
C,ACT-89,1BLS,2.30,1995-05-08,P05364,8204611,10.1021/BI00188A004,pdb,,IPP,P 1 21 1,46.500 83.470 95.460 ♦ 90.00 90.01 90.00,4.0,IPP,,,O=C(Cc1ccc(I)cc1)NC[P@H](=O)O
C,ACT-89,2Q9M,2.05,2007-08-21,P05364,17665896,10.1021/JM0703237,pdb,,LK7,P 21 21 2,76.652 69.776 62.818 ♦ 90.00 90.00 90.00,4.0,LK7,,,C/C=C(/C=O)[C@@H]1NC(C(=O)O)=C2[C@@H](OC)CCC[C@@H]21
C,ACT-89,2Q9N,2.20,2007-08-21,P05364,17665896,10.1021/JM0703237,pdb,,LK5,P 21 21 2,77.377 68.984 62.020 ♦ 90.00 90.00 90.00,4.0,LK5,,,CCCCO[C@@H]1CCC[C@@H]2C1=C(C(=O)O)N[C@@H]2[C@H](C=O)CC
C,ACT-C190,1GA0,1.60,2001-06-06,Q59401,11371184,10.1021/BI010131S,pdb,,DVR,P 21 21 2,77.000 69.000 62.500 ♦ 90.00 90.00 90.00,4.0,DVR,,,NC(=O)/C=C/C(C[SH](=O)=O)=C(/Nc1c(C=O)cc2ccccn12)C(=O)O
C,ACT-C190,1RGZ,1.37,2004-04-06,Q59401,14660590,10.1074/JBC.M312356200,pdb,,PTX,P 21 21 2,76.380 68.840 61.990 ♦ 90.00 90.00 90.00,4.0,PTX,,,CO/N=C(\C(=O)NCP(=O)(O)O)c1csc(N)n1
C,ACT-C192,1S6R,2.24,2004-02-24,Q93CA2,14521155,10.1007/S00018-003-3189-2,pdb,,IAP,P 21 21 2,46.381 83.763 95.810 ♦ 90.00 90.00 90.00,4.0,IAP,,,O=C(CI)Nc1cccc(B(O)O)c1
C,ACT-C192,1Y54,2.10,2005-03-29,Q93CA2,15755127,10.1021/JA0426241,pdb,,FDT,P 21 21 2,44.365 82.221 96.156 ♦ 90.00 90.00 90.00,4.0,FDT,,,Cn1cc([C@H]2SC=C(C(=O)O)NC=C2C=O)nn1
C,ADC-7,5W12,1.88,2017-11-29,Q6DRA1,29144725,10.1021/ACSINFECDIS.7B00153,pdb,,9TG,P 1 21 1,89.526 81.302 106.690 ♦ 90.00 112.89 90.00,8.0,9TG,,,O=C(Cc1cccs1)N[C@@H](Cc1cccc(C(=O)O)c1)B(O)O
C,ADC-7,5W14,1.88,2017-11-29,Q6DRA1,29144725,10.1021/ACSINFECDIS.7B00153,pdb,,9TJ,P 1 21 1,89.012 81.300 106.438 ♦ 90.00 112.70 90.00,8.0,9TJ,,,O=C(Cc1cccs1)N[C@@H](Cn1cc(-c2cccc(C(=O)O)c2)nn1)B(O)O
C,ADC-7,5WAC,2.06,2017-12-06,Q6DRA1,29144724,10.1021/ACSINFECDIS.7B00152,pdb,,A1M,P 1 21 1,88.352 80.674 104.980 ♦ 90.00 113.42 90.00,8.0,A1M,,,O=P(O)(O)OB(O)CNS(=O)(=O)c1ccc(-c2nnn[nH]2)cc1
C,ADC-7,5WAD,2.09,2017-12-06,Q6DRA1,29144724,10.1021/ACSINFECDIS.7B00152,pdb,,QQZ,P 1 21 1,89.268 81.470 105.908 ♦ 90.00 112.50 90.00,8.0,QQZ,,,O=P(O)(O)OB(O)CNS(=O)(=O)c1ccc(-c2nnn[nH]2)nc1
C,ADC-7,5WAE,1.80,2017-12-06,Q6DRA1,29144724,10.1021/ACSINFECDIS.7B00152,pdb,,A1J,P 1 21 1,88.790 81.045 105.058 ♦ 90.00 113.45 90.00,8.0,A1J,,,O=C(O)c1cccc(CS(=O)(=O)NCB(O)OP(=O)(O)O)c1
C,ADC-7,5WAF,2.03,2017-12-06,Q6DRA1,29144724,10.1021/ACSINFECDIS.7B00152,pdb,,A0Y,P 1 21 1,89.023 81.281 106.380 ♦ 90.00 112.64 90.00,8.0,A0Y,,,O=P(O)(O)OB(O)CNS(=O)(=O)c1ccc(-c2nnn[nH]2)cc1C(F)(F)F
C,ADC-7,5WAG,1.93,2017-12-06,Q6DRA1,29144724,10.1021/ACSINFECDIS.7B00152,pdb,,A0V,P 1 21 1,88.665 80.896 105.338 ♦ 90.00 113.36 90.00,8.0,A0V,,,O=C(O)c1cn(CB(O)OP(=O)(O)O)nn1
C,ADC-7,6PWL,1.67,2020-10-21,Q6DRA1,32988830,10.1128/AAC.01183-20,pdb,,LP0,P 1 21 1,87.735 81.279 105.117 ♦ 90.00 112.99 90.00,8.0,LP0,,,CC(C)(O/N=C(\C(=O)NCB(O)OP(=O)(O)O)c1csc(N)n1)C(=O)O
C,ADC-7,6TZF,1.96,2020-06-24,Q6DRA1,32502340,10.1021/ACSINFECDIS.0C00254,pdb,,KAS,P 1 21 1,89.624 80.785 107.003 ♦ 90.00 112.47 90.00,8.0,KAS,,,O=C(O)c1cccc(-c2cn(CB(O)OP(=O)(O)O)nn2)c1
C,ADC-7,6TZG,1.82,2020-06-24,Q6DRA1,32502340,10.1021/ACSINFECDIS.0C00254,pdb,,PKY,P 1 21 1,88.767 81.255 105.916 ♦ 90.00 112.93 90.00,8.0,PKY,,,NC(=O)c1cccc(-c2cn(CB(O)OP(=O)(O)O)nn2)c1
C,ADC-7,6TZH,2.04,2020-06-24,Q6DRA1,32502340,10.1021/ACSINFECDIS.0C00254,pdb,,ERF,P 1 21 1,88.554 81.464 105.665 ♦ 90.00 113.10 90.00,8.0,ERF,,,O=P(O)(O)OB(O)Cn1cc(-c2ccsc2)nn1
C,ADC-7,6TZI,1.74,2020-06-24,Q6DRA1,32502340,10.1021/ACSINFECDIS.0C00254,pdb,,P1K,P 1 21 1,88.928 81.103 105.938 ♦ 90.00 113.06 90.00,8.0,P1K,,,O=P(O)(O)OB(O)Cn1cc(CNS(=O)(=O)CC(F)(F)F)nn1
C,ADC-7,6TZJ,1.80,2020-06-24,Q6DRA1,32502340,10.1021/ACSINFECDIS.0C00254,pdb,,PKV,P 1 21 1,88.477 80.616 105.105 ♦ 90.00 113.46 90.00,8.0,PKV,,,Cc1ccc(S(=O)(=O)NCc2cn(CB(O)OP(=O)(O)O)nn2)cc1
C,ADC-26,6WIF,2.15,2020-04-22,D6NSN2,,,pdb,,U2Y,P 1 21 1,93.244 80.925 104.377 ♦ 90.00 113.34 90.00,8.0,U2Y,,,CCN(C)C(=O)c1ccc(B(O)O)cc1
C,ADC-33,8CUP,1.54,2023-04-05,A7Y407,,10.3390/ANTIBIOTICS12040644,pdb,,OZF,P 21 21 21,43.290 83.820 203.380 ♦ 90.00 90.00 90.00,8.0,OZF,,,CC[C@@H](NS(=O)(=O)Cc1cccc(C(=O)O)c1)B(O)OP(=O)(O)O
C,ADC-33,8CUQ,1.55,2023-04-05,A7Y407,,10.3390/ANTIBIOTICS12040644,pdb,,OZO,P 21 21 21,43.320 83.940 204.460 ♦ 90.00 90.00 90.00,8.0,OZO,,,CC[C@H](NS(=O)(=O)Cc1cccc(C(=O)O)c1)B(O)OP(=O)(O)O
C,EC-1,1FCM,2.46,04/12/2000,P00811,,10.1021/JA001676X,pdb,Y147E Q117L,CXU,C 1 2 1,118.520 76.190 98.280 ♦ 90.00 116.68 90.00,8.0,CXU,,,Cc1onc(-c2ccccc2Cl)c1C(=O)N[C@H](C=O)[C@@H]1N[C@@H](C(=O)O)C(C)(C)S1
C,EC-1,1FCN,2.35,04/12/2000,P00811,,10.1021/JA001676X,pdb,Y147E Q117L,LOR,C 1 2 1,119.360 76.264 98.355 ♦ 90.00 116.00 90.00,8.0,LOR,,,N[C@@H](C(=O)N[C@H](C=O)[C@H]1CC[C@H](Cl)C(C(=O)O)=N1)c1ccccc1
C,EC-1,1FCO,2.20,04/12/2000,P00811,,10.1021/JA001676X,pdb,,MOX,C 1 2 1,118.116 77.166 97.923 ♦ 90.00 116.17 90.00,8.0,MOX,,,C=C1CO[C@H]([C@@](C=O)(NC(=O)[C@@H](C(=O)O)c2ccc(O)cc2)OC)N=C1C(=O)O
C,EC-1,1FSW,1.90,14/03/2001,P00811,11182316,10.1016/S1074-5521(00)00052-1,pdb,,CTB,C 1 2 1,118.110 77.829 97.318 ♦ 90.00 115.83 90.00,8.0,CTB,,,O=C(Cc1cccs1)NCB(O)O
C,EC-1,1GA9,2.10,25/07/2001,P00811,11410378,10.1016/S1074-5521(01)00034-5,pdb,,ETP,C 1 2 1,118.990 78.060 97.790 ♦ 90.00 115.53 90.00,8.0,ETP,,,O=S(=O)(Nc1cccc(B(O)O)c1)c1cc(S(=O)(=O)c2ccccc2)cs1
C,EC-1,1KDW,2.28,17/07/2002,P00811,12109906,10.1021/JM020002P,pdb,,4CB,C 1 2 1,118.550 77.380 97.330 ♦ 90.00 115.30 90.00,8.0,4CB,,,O=C(O)c1ccc(B(O)O)cc1
C,EC-1,1KE0,2.30,17/07/2002,P00811,12109906,10.1021/JM020002P,pdb,,CVB,C 1 2 1,118.620 77.430 97.370 ♦ 90.00 115.32 90.00,8.0,CVB,,,O=C(O)/C=C/c1ccc(B(O)O)cc1
C,EC-1,1KE3,2.15,17/07/2002,P00811,12109906,10.1021/JM020002P,pdb,,BDB,C 1 2 1,117.800 78.360 97.380 ♦ 90.00 115.93 90.00,8.0,BDB,,,OB(O)c1ccc(-c2ccc(B(O)O)cc2)cc1
C,EC-1,1KVL,1.53,13/03/2002,P00811,12005439,10.1016/S0969-2126(02)00725-6,pdb,S64G,KCP,C 1 2 1,118.619 77.153 98.066 ♦ 90.00 115.90 90.00,8.0,KCP,CLS,,CC1=C(C(=O)O)N[C@H]([C@H](NC(=O)Cc2cccs2)C(=O)O)SC1
C,EC-1,1LLB,1.72,02/10/2002,P00811,12323371,10.1016/S1074-5521(02)00211-9,pdb,,PCN,C 1 2 1,118.663 76.734 98.169 ♦ 90.00 116.19 90.00,8.0,PCN,,,CO/N=C(\C(=O)N[C@H](C=O)[C@@H]1N[C@@H](C(=O)O)C(C)(C)S1)c1csc(N)n1
C,EC-1,1MY8,1.72,04/03/2003,P00811,12526668,10.1021/JA0288338,pdb,,SM3,C 1 2 1,118.205 76.699 97.656 ♦ 90.00 116.31 90.00,8.0,SM3,,,O=C(Cc1cccs1)N[C@H](B(O)O)c1ccccc1
C,EC-1,2I72,2.20,11/09/2007,P00811,17956081,10.1021/JM070643Q,pdb,,VA1,C 1 2 1,117.632 77.236 97.825 ♦ 90.00 116.73 90.00,8.0,VA1,,,O=CN(C=O)Cc1ccc2sc(B(O)O)cc2c1
C,EC-1,2P9V,1.80,14/08/2007,P00811,17628063,10.1021/JA072370U,pdb,,KCX,C 1 2 1,119.020 76.434 97.786 ♦ 90.00 116.07 90.00,4.0,KCX,,,N[C@@H](CCCCNC(=O)O)C(=O)O
C,EC-1,2RCX,2.00,27/11/2007,P00811,17997318,10.1016/J.BMC.2007.10.075,pdb,,SM4,C 1 2 1,118.378 76.937 97.254 ♦ 90.00 115.87 90.00,8.0,SM4,,,O=C(O)/C=C/c1cccc([C@H](NC(=O)Cc2cccs2)B(O)O)c1
C,EC-1,3BLS,2.30,12/08/1998,P00811,9819201,10.1021/BI981210F,pdb,,APB,C 1 2 1,119.380 78.970 99.300 ♦ 90.00 116.30 90.00,8.0,APB,,,Nc1cccc(B(O)O)c1
C,EC-1,3BM6,2.10,17/02/2009,P00811,20452208,10.1016/J.BMCL.2010.04.007,pdb,,C9P,C 1 2 1,118.908 77.180 97.937 ♦ 90.00 115.98 90.00,8.0,C9P,,,O=C(O)c1ccc(B(O)O)cc1NS(=O)(=O)c1cc(S(=O)(=O)c2ccccc2)cs1
C,EC-1,3O86,1.60,03/11/2010,P00811,20945905,10.1021/JM101015Z,pdb,,BSF,C 1 2 1,118.340 76.880 97.760 ♦ 90.00 116.11 90.00,8.0,BSF,,,O=S(=O)(Cc1ccccc1)NCB(O)O
C,EC-1,3O87,1.78,03/11/2010,P00811,20945905,10.1021/JM101015Z,pdb,,BSG,C 1 2 1,118.130 76.190 97.380 ♦ 90.00 116.16 90.00,8.0,BSG,,,O=C(O)c1ccc(CS(=O)(=O)NCB(O)O)cc1
C,EC-1,3O88,1.64,03/11/2010,P00811,20945905,10.1021/JM101015Z,pdb,,BSH,C 1 2 1,118.030 77.390 97.410 ♦ 90.00 115.89 90.00,8.0,BSH,,,O=C(O)c1cccc(C[C@H](NS(=O)(=O)Cc2ccccc2)B(O)O)c1
C,EC-1,4E3I,1.60,26/09/2012,P00811,23043117,10.1073/PNAS.1208337109,pdb,,0N3,C 1 2 1,118.460 77.140 97.750 ♦ 90.00 116.67 90.00,8.0,0N3,,,O=C(O)c1cccc(CS(=O)(=O)NCB(O)O)c1
C,EC-1,4E3J,1.80,26/09/2012,P00811,23043117,10.1073/PNAS.1208337109,pdb,,0N4,C 1 2 1,118.440 76.540 97.740 ♦ 90.00 116.88 90.00,8.0,0N4,,,O=S(=O)(NCB(O)O)c1ccc(-c2nnn[nH]2)cc1
C,EC-1,4E3K,1.43,26/09/2012,P00811,23043117,10.1073/PNAS.1208337109,pdb,,0NA,C 1 2 1,119.120 76.820 97.830 ♦ 90.00 116.25 90.00,8.0,0NA,,,O=S(=O)(NCB(O)O)c1ccc(-c2nnn[nH]2)nc1
C,EC-1,4E3L,1.43,26/09/2012,P00811,23043117,10.1073/PNAS.1208337109,pdb,,0NB,C 1 2 1,117.650 77.220 97.690 ♦ 90.00 116.42 90.00,8.0,0NB,,,O=S(=O)(NCB(O)O)c1ccc(-c2nnn[nH]2)c(Cl)c1
C,EC-1,4E3M,1.44,26/09/2012,P00811,23043117,10.1073/PNAS.1208337109,pdb,,0ND,C 1 2 1,118.120 76.920 97.600 ♦ 90.00 116.37 90.00,8.0,0ND,,,O=S(=O)(NCB(O)O)c1ccc(-c2nnn[nH]2)cc1Cl
C,EC-1,4E3N,1.49,26/09/2012,P00811,23043117,10.1073/PNAS.1208337109,pdb,,0NE,C 1 2 1,118.160 76.730 97.900 ♦ 90.00 116.58 90.00,8.0,0NE,,,O=S(=O)(NCB(O)O)c1ccc(-c2nnn[nH]2)cc1C(F)(F)F
C,EC-1,4E3O,1.60,26/09/2012,P00811,23043117,10.1073/PNAS.1208337109,pdb,,0NG,C 1 2 1,118.540 76.740 97.880 ♦ 90.00 116.60 90.00,8.0,0NG,,,O=S(=O)(CCl)NCB(O)O
C,EC-1,4JXG,1.65,29/10/2014,P00811,,,pdb,,1S6,C 1 2 1,117.856 76.868 97.845 ♦ 90.00 117.01 90.00,8.0,1S6,,,Cc1onc(-c2ccccc2)c1C(=O)N[C@H](C=O)[C@@H]1N[C@@H](C(=O)O)C(C)(C)S1
C,EC-1,4LV1,1.74,30/07/2014,P00811,25344815,10.1038/nchembio.1666,pdb,,NL9,C 1 2 1,118.580 77.540 97.640 ♦ 90.00 116.46 90.00,8.0,NL9,,,OB(O)c1cnn(-c2cccc(Cl)c2)c1
C,EC-1,4LV2,1.65,30/07/2014,P00811,25344815,10.1038/nchembio.1666,pdb,,N95,C 1 2 1,117.670 78.140 97.250 ♦ 90.00 116.28 90.00,8.0,N95,,,OB(O)c1cnn(-c2cc(Cl)ncn2)c1
C,EC-1,4LV3,1.42,30/07/2014,P00811,25344815,10.1038/nchembio.1666,pdb,,25N,C 1 2 1,118.550 76.790 98.080 ♦ 90.00 115.72 90.00,8.0,25N,,,CC(C)(C)c1cc(B(O)O)cc(C(C)(C)C)c1
C,EC-1,4OLG,1.71,28/05/2014,P00811,24791931,10.1021/JA501354Q,pdb,,2TV,C 1 2 1,118.660 77.150 98.140 ♦ 90.00 115.95 90.00,8.0,2TV,,,CC(=O)O/C=C1\CS[C@H]([C@@H](C=O)NC=O)N=C1C(=O)O
C,EC-1,6T35,1.75,2020-11-18,P00811,,,pdb,,M9W,P 43 3 2,138.000 138.000 138.000 ♦ 90.00 90.00 90.00,24.0,M9W,,,[H][S@TB19](O)(O)[C@@](C)(Cn1cc[n+](C)n1)[C@@H](N/C=C/C=O)C(=O)O
C,EC-1,6YPD,1.60,24/06/2020,P00811,32545682,10.3390/BIOM10060899,pdb,,KL8,P 43 3 2,138.971 138.971 138.971 ♦ 90.00 90.00 90.00,24.0,KL8,,,O=C(O)c1cccc2c1O[B-](O)(O)[C@H](SCc1ccccc1)C2
C,PDC-1,2WZX,1.40,2010-01-12,P24735,20044254,10.1016/J.BMCL.2009.12.069,pdb,,ZX0,P 21 21 21,44.759 72.135 105.933 ♦ 90.00 90.00 90.00,4.0,ZX0,,,O=C(O)[C@@H]1[C@H](NS(=O)(=O)O)CCN1C(=O)N[C@H]1CCCNCC1
C,PDC-1,2WZZ,1.57,2010-01-12,P24735,20044254,10.1016/J.BMCL.2009.12.069,pdb,,ZX1,P 21 21 21,44.791 72.575 106.271 ♦ 90.00 90.00 90.00,4.0,ZX1,,,O=C(O)[C@@H]1[C@H](NS(=O)(=O)O)CCN1C(=O)N[C@@H]1CCCNCC1
C,PDC-1,3S1Y,1.40,2011-06-29,P24735,21676616,10.1016/J.BMCL.2011.05.065,pdb,R397A,S1Y,P 21 21 21,43.253 69.696 101.667 ♦ 90.00 90.00 90.00,4.0,S1Y,,,NCCN1CCC[C@H](NC(=O)N2CC[C@@H](NS(=O)(=O)O)[C@H]2C=O)CC1
C,PDC-1,3S22,1.65,2011-06-29,P24735,21676616,10.1016/J.BMCL.2011.05.065,pdb,R397A,3S2,P 21 21 21,44.891 71.891 105.889 ♦ 90.00 90.00 90.00,4.0,3S2,,,CNCCCCNC(=O)N1CC[C@@H](NS(=O)(=O)O)[C@H]1C=O
C,PDC-1,4WYY,1.28,2015-08-05,P24735,27622821,10.1021/ACSINFECDIS.5B00031,pdb,,3VT,P 21 21 21,44.745 70.824 106.230 ♦ 90.00 90.00 90.00,4.0,3VT,,,Cc1c(Oc2cnccn2)cc2c(c1C)[C@@H](CC(=O)O)OB2O
C,PDC-1,4WZ4,1.05,2015-08-05,P24735,27622821,10.1021/ACSINFECDIS.5B00031,pdb,,3VU,P 21 21 21,44.730 71.270 107.310 ♦ 90.00 90.00 90.00,4.0,3VU,,,Cc1c(Oc2nc(N)ns2)cc2c(c1C)[C@@H](CC(=O)O)OB2O
C,PDC-1,6S1S,1.78,2019-10-09,Q541D8,31574990,10.3390/ANTIBIOTICS8040171,pdb,,KRT,P 32 2 1,82.678 82.678 123.563 ♦ 90.00 90.00 120.00,6.0,KRT,,,O=C(O)/C=C/c1cccc(B(O)O)c1
C,PDC-1,6UQS,1.37,2019-10-30,Q541D8,31759850,10.1016/j.bmcl.2019.126795,pdb,R397A,QFP,P 21 21 21,44.744 72.168 105.218 ♦ 90.00 90.00 90.00,4.0,QFP,,,OCCOB(O)c1ccccc1
C,PDC-1,6UQT,1.25,2019-10-30,Q541D8,31759850,10.1016/j.bmcl.2019.126795,pdb,R397A,QFS,P 21 21 21,44.773 71.398 105.073 ♦ 90.00 90.00 90.00,4.0,QFS,,,COc1cccc(B(O)OCCO)c1
C,PDC-1,6UQU,1.09,2019-10-30,Q541D8,31759850,10.1016/j.bmcl.2019.126795,pdb,R397A,PBC,P 21 21 21,44.993 71.912 105.129 ♦ 90.00 90.00 90.00,4.0,PBC,,,OB(O)c1ccccc1
D,BPU-1,5CTN,1.35,2015-11-25,A8FFI9,26551395,10.1038/NCHEMBIO.1950,pdb,,5R7,P 1 21 1,47.802 80.002 64.949 ♦ 90.00 92.85 90.00,4.0,5R7,,,C[C@@H]1[C@H]([C@H](C=O)[C@@H](C)O)N=C(C(=O)O)[C@@H]1S[C@@H]1CN[C@H](CNS(N)(=O)=O)C1
D,OXA-10,1K54,1.70,2001-11-07,P14489,11724923,10.1073/PNAS.241442898,pdb,,HOQ,P 1 21 1,66.649 82.480 101.957 ♦ 90.00 95.38 90.00,4.0,HOQ,,,CC(C)(O)[C@H](C(=O)O)[C@@H]1N[C@@H](C(=O)O)C(C)(C)S1
D,OXA-10,1K6R,2.30,2003-06-24,P14489,,,pdb,,MX1,P 21 21 21,48.706 96.003 125.195 ♦ 90.00 90.00 90.00,8.0,MX1,,,C=C1CO[C@H]([C@@](NC(=O)[C@H](C(=O)O)c2ccc(O)cc2)(OC)C(=O)O)N=C1C(=O)O
D,OXA-10,2WKH,1.79,2010-08-25,P14489,21108605,10.1042/BJ20101122,pdb,K70C,ZZ7,P 21 21 21,48.920 97.090 126.130 ♦ 90.00 90.00 90.00,8.0,ZZ7,,,CC1(C)S[C@H]([C@H](NC(=O)[C@H](N)c2ccccc2)C(=O)O)N[C@H]1C(=O)O
D,OXA-10,3LCE,2.00,2010-03-09,P14489,20141132,10.1021/JA9086374,pdb,,LCE,P 1 21 1,65.700 82.544 102.360 ♦ 90.00 94.63 90.00,8.0,LCE,,,CO[C@H]1S[C@H]2[C@H](C(=O)C2(Cl)Cl)[C@H]1C(=O)O
D,OXA-23,6N6V,1.55,2018-12-19,Q9L4P2,30530607,10.1128/AAC.02191-18,pdb,M221A F110A,KE1,P 21 21 2,136.114 44.012 46.222 ♦ 90.00 90.00 90.00,4.0,KE1,,,C[C@@H](O)[C@@H](C=O)[C@@H]1NC(C(=O)O)=C(S[C@H]2CN[C@@H](C(=O)N(C)C)C2)[C@@H]1C
D,OXA-23,7T7D,2.65,2022-05-18,V5TGX0,35420470,10.1128/MBIO.00367-22,pdb,,FDX,I 4 2 2,173.362 173.362 80.981 ♦ 90.00 90.00 90.00,16.0,FDX,,,CN(C)C(=O)[C@H]1C[C@@H](S[C@H]2C[C@H]([C@@H](CO)C(O)O)N=C2C(=O)O)CN1
D,OXA-24,3FV7,2.00,2010-02-02,Q8RLA6,20822105,10.1021/JA104092Z,pdb,,MXS,P 41 21 2,102.390 102.390 84.220 ♦ 90.00 90.00 90.00,8.0,MXS,,,COC(=O)Nc1ccn2c(N[C@@H](C(=O)O)C(C)(C)[S@](=O)O)c(C=O)cc2c1
D,OXA-24,3FYZ,2.10,2010-02-09,Q8RLA6,20822105,10.1021/JA104092Z,pdb,,MXC,P 41 21 2,102.760 102.760 83.160 ♦ 90.00 90.00 90.00,8.0,MXC,,,C[C@](COC(N)=O)([C@@H](Nc1c(C=O)cc2cc(C(N)=O)ccn12)C(=O)O)[S@](=O)O
D,OXA-24,5TG4,1.44,2017-01-11,Q8RLA6,27997706,10.1002/PRO.3100,pdb,,JW1,P 41 21 2,102.347 102.347 85.438 ♦ 90.00 90.00 90.00,8.0,JW1,,,CC(C)(C)OC(=O)Nc1cccc(B(O)O)c1
D,OXA-24,5TG5,1.75,2017-01-11,Q8RLA6,27997706,10.1002/PRO.3100,pdb,,JW8,P 41 21 2,102.974 102.974 86.730 ♦ 90.00 90.00 90.00,8.0,JW8,,,O=S(=O)(c1ccc(B(O)O)cc1)N1CCC1
D,OXA-24,5TG6,1.78,2017-01-11,Q8RLA6,27997706,10.1002/PRO.3100,pdb,,J4W,P 41 21 2,102.418 102.418 85.049 ♦ 90.00 90.00 90.00,8.0,J4W,,,CC(C)(C)OC(=O)Nc1ccc2c(c1)B(O)OC2
D,OXA-24,5TG7,2.28,2017-01-11,Q8RLA6,27997706,10.1002/PRO.3100,pdb,,JW3,P 41 21 2,103.083 103.083 86.437 ♦ 90.00 90.00 90.00,8.0,JW3,,,O=C(NCc1ccco1)c1cccc(B(O)O)c1
D,OXA-24,5VFD,1.93,2017-06-07,Q8RLA6,,,pdb,,9CP,P 41 21 2,102.680 102.680 84.770 ♦ 90.00 90.00 90.00,8.0,9CP,,,CC1=C[C@@H](C(N)=O)N(C=O)C[C@@H]1NOS(=O)(=O)O
D,OXA-24,6MPQ,1.95,2019-02-27,Q8RLA6,30862744,10.1128/MBIO.00159-19,pdb,,JXG,P 41 21 2,102.562 102.562 87.005 ♦ 90.00 90.00 90.00,8.0,JXG,,,CC1=C[C@@H](NOS(=O)(=O)O)CN(C=O)[C@@H]1C(N)=O
D,OXA-24,8CUM,1.49,2023-04-05,Q8RLA6,,10.3390/ANTIBIOTICS12040644,pdb,,OZ0,P 41 21 2,102.190 102.190 85.760 ♦ 90.00 90.00 90.00,8.0,OZ0,,,CC[C@@H](NS(=O)(=O)Cc1cccc(C(=O)O)c1)B(O)O
D,OXA-24,8CUO,1.47,2023-04-05,Q8RLA6,,10.3390/ANTIBIOTICS12040644,pdb,,OZ9,P 41 21 2,102.180 102.180 86.430 ♦ 90.00 90.00 90.00,8.0,OZ9,,,CC[C@H](NS(=O)(=O)Cc1cccc(C(=O)O)c1)B(O)O
D,OXA-48,6P9C,1.90,2019-08-07,Q6XEC0,31358584,10.1128/AAC.01202-19,pdb,,4J6,P 21 21 21,72.604 76.749 101.188 ♦ 90.00 90.00 90.00,8.0,4J6,,,C[C@@H](O)[C@@H](C=O)[C@@H]1NC(C(=O)O)=C(S[C@@H]2CN[C@H](CNS(N)(=O)=O)C2)[C@@H]1C
D,OXA-48,6PSG,2.13,2020-01-22,A0A482LRD5,,,pdb,,DGF,P 1 21 1,59.555 106.674 96.261 ♦ 90.00 104.19 90.00,8.0,DGF,,,C[C@@H](O)[C@@H](C=O)[C@@H]1N=C(C(=O)O)[C@H]([C@H]2CCCO2)S1
D,OXA-48,6Q5F,2.50,2019-03-20,Q6XEC0,30918055,10.1128/mSphere.00024-19,pdb,P68A,CTJ,P 21 21 21,89.986 105.369 125.281 ♦ 90.00 90.00 90.00,8.0,CTJ,,,CC(C)(O/N=C(\C(=O)N[C@H](C=O)[C@@H]1NC(C(=O)O)=C(C[n+]2ccccc2)CS1)c1csc(N)n1)C(=O)O
D,OXA-48,6ZXI,1.85,2021-08-11,Q6XEC0,,,pdb,,QS8,P 2 21 21,44.798 105.106 125.426 ♦ 90.00 90.00 90.00,8.0,QS8,,,O=CN1C[C@H](NOS(=O)(=O)O)CC[C@H]1F
D,OXA-48,7DML,1.94,2021-12-15,Q6XEC0,,10.1039/D1CC03026D,pdb,,H9O,P 1 21 1,58.455 105.865 94.118 ♦ 90.00 107.81 90.00,8.0,H9O,,,C=C(C(=O)O)[C@@H]1OB(O)c2ccccc21
,,,,,,,,,,DABCO,,,,,,,C1CN2CCN1CC2
,,,,,,,,,,DBO_warhead,,,,,,,C1CNC(=O)N1
,,,,,,,,,,bLAC,,,,,,,C1CNC2CC1C2
,,,,,,,,,,bLAC_warhead,,,,,,,C1CNC1=O
,,,,,,,,,,QPX7728,,,,,,,OB1Oc2c(ccc(F)c2C(O)=O)[C@H]2C[C@@H]12
,,,,,,,,,,CBI_warhead,,,,,,,B(C)(O)O
,,,,,,,,,,DABCO,,,,,,,C1CN2CCN1CC2
,,,,,,,,,,DBO_warhead,,,,,,,C1CNC(=O)N1
,,,,,,,,,,bLAC,,,,,,,C1CNC2CC1C2
,,,,,,,,,,bLAC_warhead,,,,,,,C1CNC1=O
,,,,,,,,,,QPX7728,,,,,,,OB1Oc2c(ccc(F)c2C(O)=O)[C@H]2C[C@@H]12
,,,,,,,,,,CBI_warhead,,,,,,,B(C)(O)O
